<?xml version="1.0"?>
<models>
  <years_0 meladiyear="1750" hejriyear="1320">
    <item_0 id="264" type="person" title="أحمد الخالدي الجوهري" Dummy="" />
    <item_1 id="294" type="person" title="عبد الله الشبراوى" Dummy="" />
  </years_0>
  <years_1 meladiyear="1955" hejriyear="1350">
    <item_0 id="351" type="person" title=" محمد عبده" Dummy="" />
  </years_1>
  <years_2 meladiyear="2001" hejriyear="1415">
    <item_0 id="455" type="person" title="عبد الرحمن تاج" Dummy="" />
  </years_2>
  <years_3 meladiyear="950" hejriyear="500">
    <item_0 id="455" type="person" title="عبد الرحمن تاج" Dummy="" />
  </years_3>
</models>